0.014355265625,-0.0102055859375,0.0048892484375,0.0215341984375
-0.02479796875,0.0096163703125,-0.0224713,0.0349587
-0.04215048125,0.0248315234375,0.0032675255859375,0.05167875625
0.01379450859375,0.036146865625,-0.005070937890625,-0.006754395703125
0.00430238046875,0.01558717421875,-0.0223442359375,0.0147622171875
-0.059378359375,0.0186883140625,0.02858244375,0.01944779375
-0.0004523990966796875,0.0009221580078125,-1.0609624481201172e-05,0.013889546875
0.03496875,0.0301684015625,0.0123593984375,0.0310169328125
0.022112240625,0.041058765625,-0.01087835,0.0212419546875
0.037493153125,0.01230430234375,-0.0215997921875,0.0026025166015625
0.00176644267578125,-0.0031529654296875,0.0009318587890625,0.011805709375
-0.02159034375,0.036864734375,-0.0182498625,0.05461490625
-0.027618040625,0.0024901619140625,-0.04042075625,0.0286869921875
-0.00627174765625,0.0196114734375,0.021727878125,0.0286396328125
0.0152052265625,0.049757828125,0.02632020625,0.02670006875
-0.0272039484375,0.005932463671875,-0.025381790625,0.01127230625
-0.008628984375,-0.001719742578125,-0.0196442546875,0.0016423427734375
-0.037758184375,0.023043384375,-0.02842496875,0.025525025
-0.1242756875,-0.0075755,0.04142348125,-0.0036246763671875
-0.04425965,0.0031246533203125,0.01359864453125,0.01012181796875
0.006091532421875,0.1056594375,-0.0226485640625,0.04697465
-0.0384140625,0.028857221875,-0.000349044677734375,0.01759665625
-0.041422378125,0.04598570625,0.0252433234375,0.00551545390625
-0.01425899453125,0.004420159765625,-0.00450855234375,-0.00995504453125
-0.109849625,0.0254210140625,0.007777330078125,0.0147262765625
-0.03842179375,0.007718917578125,0.0055449578125,0.05106246875
0.01507214609375,0.0308442,-0.036267028125,0.0255674953125
-0.0305162234375,0.03815089375,-0.01055579921875,-0.03727953125
-0.01230150078125,0.0274385734375,-0.01165112265625,0.056253375
-0.02282096875,0.028258190625,0.04334721875,0.0212892484375
-0.014772828125,0.0295649375,0.011989590625,0.0206049609375
-0.0033802376953125,0.01503496796875,0.002517125,0.0546963125
0.0021967875,0.036883753125,0.0188032328125,-0.0172333640625
0.039490928125,0.04002843125,-0.02327640625,-0.01006984296875
-0.0178824578125,0.0190910015625,-0.0173574609375,0.0192899625
0.006687638671875,-0.006552578125,0.036043390625,0.0033412859375
-0.048832,0.05120424375,0.055666196875,0.0182849984375
-0.044140440625,0.023982278125,-0.0015395875,0.029345890625
-0.0207830609375,0.0237201984375,-0.0181687390625,0.052101053125
-0.017364615625,0.011188740625,0.0026414978515625,0.0086284234375
-0.053213809375,-0.0070360875,0.017866425,0.00187802255859375
-0.01246878125,0.023064203125,0.021538425,0.07399036875
-0.036452634375,0.036025375,0.0196742953125,0.0210927046875
-0.01427274453125,0.04525099375,0.037118128125,0.018427034375
0.027905575,0.01546698203125,0.01722501875,-0.005320546875
0.01377498671875,0.023221659375,-0.01251649453125,0.0191688140625
0.040069690625,0.0065678921875,-0.01117703125,0.0280705578125
-0.034505140625,4.845856323242187e-05,-0.007129308984375,-0.0066718359375
0.00529324765625,0.01004680625,-0.00181591455078125,0.035265671875
-0.012254203125,0.038030009375,-0.002198546484375,0.011435621875
-0.0212811421875,-0.012022371875,-0.018970003125,0.046643828125
-0.0191278375,-0.0118653140625,-0.0286045578125,0.0087338640625
-0.0090120984375,0.0113437125,-0.00610005625,0.039940309375
-0.04743265,0.0236209578125,0.056687696875,0.02293749375
-0.021286359375,0.052307671875,-0.0134676640625,0.024650146875
0.0025531638671875,0.0221105734375,-0.01027726875,0.04082564375
-0.0048286890625,0.0298830765625,-0.029393,0.045729078125
-0.01531653984375,0.0130400609375,-0.01137788125,0.00772510546875
-0.07567675625,0.02654928125,0.04437128125,0.0224529375
-0.023861078125,0.045330146875,-0.0036209212890625,0.0217313703125
0.01474523046875,0.0215349734375,-0.01295649609375,0.03696596875
0.0222875671875,0.054119978125,0.036882859375,0.046042121875
0.0112545453125,-0.00234055078125,-0.007722494140625,0.0035654890625
-0.037296103125,0.00878258984375,0.048264725,0.0288324265625
-0.039958221875,0.0280482671875,-0.0264658234375,-0.00530337109375
-0.00121885478515625,0.004499194921875,0.0484863125,0.0143998796875
-0.044643915625,0.0238543671875,0.00690239453125,0.0074853875
-0.08882185,0.02413105,-0.026247253125,-0.035848721875
-0.010427596875,0.0242726703125,0.0182408,0.039665096875
-0.022187421875,0.02877779375,0.041019396875,0.04322688125
-0.039460171875,0.0253861703125,0.014453175,0.0228074671875
-0.103613125,0.1189309375,0.040965375,0.0206019375
-0.01157527578125,0.00953372890625,-0.00774720703125,0.05746875
-0.0258369359375,0.02675490625,0.04914315625,0.0303550265625
-0.0190789625,0.035443171875,0.0419950375,0.044859215625
0.01010086640625,0.0414284875,-0.02740234375,0.05765531875
-0.003478227734375,0.005130289453125,0.0470752625,-0.03863344375
-0.0260004578125,0.05210183125,-0.0008339794921875,-0.0032479751953125
0.0062955,0.06085196875,-0.00159490068359375,0.00059767783203125
-0.007179615625,0.006859897265625,-0.0212134015625,0.05091128125
-0.023270596875,0.0190908828125,-0.0016757216796875,0.0139483171875
-0.0038143828125,0.00128364541015625,-0.01277684765625,-0.000725388232421875
0.0113643359375,0.0240919640625,0.0268557,0.0003381966552734375
-0.05856184375,0.0125006390625,-0.0145188515625,0.002487121875
-0.00681548984375,0.03552165,0.025505178125,0.028469790625
-0.0354765,0.028208334375,0.029623646875,0.0251636421875
-0.01028227421875,-0.0037472830078125,0.00938188515625,-0.000451624267578125
-0.04432855,0.0281443125,-0.0130576875,0.0145813609375
-0.035479871875,-0.00177705234375,-0.0023812046875,0.02635728125
-0.038073159375,-0.0052560546875,-0.0128214171875,0.03722260625
-0.0191296828125,0.040150628125,-0.011962646875,0.0211478359375
0.0275647546875,0.00764715390625,0.00375270703125,0.039387034375
-0.000924706201171875,0.003665900390625,0.017648215625,0.02328811875
0.005624888671875,0.04847280625,0.0064406671875,0.00319354140625
-0.012290115625,0.0289463484375,0.037284475,0.035049540625
-0.01557969453125,-0.01474391953125,0.022915171875,0.0234402875
0.027394228125,0.035523165625,0.012456234375,0.011605734375
-0.024540209375,0.06012959375,0.014120215625,0.0236617546875
-0.01103430625,0.040036684375,-0.02675846875,0.00907730703125
0.0048808421875,0.05884678125,0.021208275,0.0173777546875
-0.0218914046875,0.0091344078125,0.045382003125,0.03507675
0.0063593375,0.01203143125,-0.01234221015625,0.0092677265625
0.051788596875,0.0279532859375,0.0198038125,0.0280663265625
0.026709665625,-0.0033989537109375,-0.003873763671875,0.00188457900390625
0.00625195859375,0.040450671875,0.0138356484375,0.005485114453125
0.0278506203125,0.0179982109375,-0.02308546875,0.017936275
-0.0136194171875,-0.0088154046875,0.004914640234375,0.039453253125
-0.0064337828125,0.02217309375,0.039015446875,0.039600834375
0.00686277890625,0.039190878125,0.0291449921875,0.025979003125
-0.00947717890625,0.02270978125,0.039029096875,0.037773828125
0.0016865724609375,0.018516290625,-0.054400540625,0.01321231875
0.0271231421875,-0.00602793515625,0.0025852609375,0.0859435
-0.042262621875,0.060632328125,-0.006030110546875,-0.0101923890625
-0.044994159375,0.01035922265625,-0.00457598046875,0.0070707171875
-0.00011986489868164062,0.017468503125,0.0213361296875,0.0212257921875
-0.0395879625,0.007282373828125,0.0187436859375,0.037148225
7.796285400390624e-05,0.03521693125,-0.022298146875,0.040381215625
-0.00507342578125,0.04876084375,0.057179309375,0.0271075859375
-0.03008418125,0.01830383125,0.0068863671875,0.01435779921875
0.0033509716796875,0.00109219501953125,0.001212238671875,0.0100293125
-0.05719618125,0.004960058984375,-0.0215220390625,0.0251629265625
-0.00934583984375,0.044739765625,0.01118242109375,0.00887268359375
0.0251096375,0.023192153125,-0.0193895625,0.03881834375
-0.01392781328125,0.01434909765625,0.0033111564453125,0.0126459546875
-0.012241121875,-0.0194631703125,-0.014747315625,0.01419460390625
-0.01448027109375,0.035538165625,0.036619284375,0.05554605625
-0.01387750546875,0.01412879765625,-0.019349446875,0.015281075
-0.024911634375,0.041083859375,0.0533461875,0.0180625
0.0087196484375,0.01231002421875,0.0200083171875,0.0256368453125
0.005882082421875,0.0512474,0.05898044375,0.039282646875
0.01877438125,0.03088355,0.01556729609375,0.0278511578125
-0.0260086578125,0.05120628125,0.01448785625,0.0036404119140625
0.00481818359375,0.04060435,-0.00957440859375,0.03093336875
-0.0537903125,-0.0183802765625,-0.037059671875,0.0435131875
0.0290696515625,0.0049451875,0.0206780359375,0.0228832828125
0.0278285625,0.0237125109375,0.0244707578125,0.0087213921875
-0.0178483640625,0.0089883171875,-0.0281977359375,-0.00470851953125
-0.0181626015625,-0.000560521875,-0.028025378125,0.040268465625
-0.062365859375,0.029615153125,0.007613417578125,0.0211711421875
-0.030113834375,0.0252812984375,-0.005054769921875,-0.013164096875
-0.037497621875,0.0386034625,0.03923629375,0.02057571875
0.0221235046875,0.029539625,0.00777725390625,0.0206982109375
0.01012814296875,0.018897234375,0.00493143359375,0.002887217578125
-0.0536168125,0.00882649140625,0.01047396171875,0.005484473828125
-0.00969904140625,0.00977051015625,-0.0116927265625,-0.010542209375
-0.07835600625,0.046357371875,-0.0022522796875,0.0028362263671875
-0.0308001828125,0.0024606876953125,0.0244881140625,0.0477490375
-0.0131833484375,0.0257470515625,0.01050984453125,0.010591875
0.000646322705078125,0.022151459375,0.030321078125,0.0140132859375
-0.045131140625,0.028824678125,-0.01137160859375,0.013401115625
-0.0303259375,0.01308169453125,0.0239566515625,0.03513358125
-0.0109836765625,0.035177221875,0.00164288212890625,0.017751984375
-0.041957834375,0.047942146875,0.002765773828125,0.04000685625
-0.0348666875,0.039211975,0.0263471484375,0.04312820625
-0.01005601640625,0.01137488515625,-0.0483078125,0.03447506875
-0.03608019375,0.0188843515625,0.01129590625,0.012847478125
-0.00871371875,0.0285580046875,0.0102151578125,0.01492016953125
-0.0125478453125,0.03512839375,-0.0153725078125,0.01103055
0.013643378125,-0.009466046875,-0.019435809375,0.0233933640625
0.02137215625,0.0399465375,0.03755246875,0.0298428734375
-0.00140635615234375,0.047734246875,0.0198684875,0.0437784375
-0.03814755625,0.05003265625,0.004850108984375,-0.0038399681640625
-0.0195591390625,0.01210879921875,0.0117914921875,-0.0094165078125
-0.010981196875,0.01329290390625,0.00560968828125,0.00093921982421875
-0.006999549609375,-0.04118,-0.0190709734375,0.0515292125
-0.027012875,0.0013882212890625,0.03539179375,-0.012358184375
0.002738496875,0.0219936890625,0.019295803125,0.0589034375
0.006042001171875,0.02111731875,-0.01138025,0.0177452484375
-0.0248387734375,-0.0032654693359375,0.00759720546875,0.0989133125
-0.02591478125,0.026288021875,0.00189331123046875,0.01231033671875
-0.0232754234375,0.0292833015625,-0.006348668359375,-0.01443504921875
0.0030255009765625,0.0071046875,0.0061385015625,0.05600975
-0.0220249203125,0.01356911171875,0.0034427634765625,0.0133205
-0.00181791123046875,-0.019357671875,0.002874015625,0.03064774375
0.035704190625,0.02504503125,0.0191094796875,0.024233453125
-0.030597640625,0.0258738875,0.041985965625,0.0183683546875
0.00366198828125,0.009457553125,-0.004456995703125,0.023926790625
-0.00720453046875,0.0113136328125,-0.027785453125,0.0115089375
-0.0148188421875,0.003645776171875,-0.0014655587890625,-0.004469929296875
0.045475703125,0.0187478484375,-0.035790728125,0.058575721875
-0.025382984375,0.01427379375,0.037168903125,0.00996171953125
0.00763320703125,0.04379830625,0.014092440625,0.018281690625
0.02025925625,0.01060828046875,0.0208962453125,0.03655193125
-0.01161908515625,0.024793734375,0.01159941640625,0.011222953125
-0.0287541328125,0.006837217578125,-0.029787175,0.047610390625
-0.03539071875,0.0270022625,0.00774971796875,0.005007205859375
-0.0199533609375,0.0189776875,0.0004073529052734375,0.01477861015625
-0.07713050625,0.0007827279296875,0.05772236875,0.005854841796875
-0.035436140625,0.00683855859375,0.0249704625,0.037980715625
-0.01061313828125,0.026994009375,0.027901284375,0.02659069375
0.043787340625,0.0280846875,-0.004851934375,0.01115735859375
0.0025663666015625,0.041781090625,-0.00143986875,0.039476421875
-0.0063365234375,0.03459066875,0.007213440625,0.0104267625
-0.019485340625,-0.00023198121337890626,0.0029845228515625,0.0371186625
-0.03022145625,0.0098788703125,0.0181366875,-0.00873636796875
-0.0097918484375,0.021488840625,-0.004689914453125,-0.00019955631103515625
-0.0095361421875,-0.056709375,-0.00071167919921875,0.0344495625
-0.01005923359375,-0.007011530859375,0.0099033390625,0.04927530625
0.0444803125,0.022615359375,0.01423763828125,-0.019015659375
-0.0003380774658203125,0.018038921875,-0.00016905362548828124,0.01390978125
-0.06129921875,0.043645634375,0.01364731171875,0.0128315046875
-0.018270484375,0.018026390625,-0.03625749375,0.03600843125
-0.011170859375,0.020715584375,-0.0124395625,0.01261624140625
0.006080744921875,0.043160515625,0.0283057234375,0.023482890625
0.01102399375,0.0107121421875,-0.00268472578125,0.0243258390625
-0.019743790625,0.00900292109375,-0.0220465578125,0.0187972671875
-0.0937898125,0.0280220109375,0.0230051875,0.022064440625
0.01115139765625,0.0474038125,-0.0032536970703125,0.054602953125
0.00579636953125,0.04482659375,-0.0024836205078125,0.0087743953125
-0.052843909375,0.036899071875,0.110003375,-0.004354236328125
0.007162568359375,0.050063775,-0.0220724265625,0.04923901875
-0.0201421921875,-0.01177489453125,-0.0458345,-0.020084853125
0.013679321875,0.0146768046875,0.005805787109375,0.019605034375
0.055088875,0.0287096390625,0.00259578125,0.020823984375
-0.00057703232421875,0.00237033203125,-0.025545321875,0.052529553125
-0.020365825,-0.006591108203125,-0.006768611328125,-0.0231871484375
-0.03049074375,-0.02577733125,-0.04599045,0.037762503125
-0.07405354375,0.0023214810546875,-0.004531441015625,-0.0120229375
-0.03664670625,0.01141476171875,0.01187693671875,0.01551830234375
-0.00941478125,0.05817291875,0.00885504140625,0.0097691390625
0.004671512109375,0.0108636171875,-0.01750080625,0.0525216875
-0.00775038828125,-0.020692878125,-0.0016730400390625,-0.00111412978515625
-0.0293924734375,-0.0171964078125,-0.0176788515625,-0.0065097734375
-0.04401015,-0.01332240859375,-0.041721146875,-0.00097060166015625
-0.0031759732421875,0.01234349140625,0.056233125,0.0519316875
-0.0086224640625,0.036349740625,0.000840484814453125,0.0434645125
-0.0038598759765625,0.01099684453125,0.01426231328125,0.021047940625
-0.005572197265625,0.043325015625,0.04265175,0.01335364140625
0.0242788703125,0.039332971875,-0.018534709375,0.05029264375
0.023713584375,0.0480649875,-0.01332360078125,0.045698321875
0.02968965625,0.0308446765625,-0.042914753125,0.045123290625
-0.0001363008544921875,0.01985790625,-0.0002246498291015625,0.0139410234375
-2.539157257080078e-05,0.00898074765625,0.0198906578125,0.000906107421875
0.026827040625,0.04423711875,0.007454393359375,0.00474202421875
0.0139624140625,0.0181916875,0.003630785546875,0.01411795078125
-0.01466644921875,0.026425,-0.023732359375,0.0242021609375
-0.0270151375,0.038379709375,-0.0233983859375,0.0278553890625
-0.01481949765625,-0.0017873341796875,-0.0013372892578125,0.020787828125
-0.0191209234375,-0.018844796875,-0.0172452546875,0.022193375
0.0225217828125,0.007645246875,-0.00183486904296875,-0.02538918125
-0.0293944984375,0.0034105763671875,0.0279680390625,-0.0114119
0.00743579609375,0.051667003125,-0.023427353125,0.03554295
-0.0232960625,0.0005907998046875,-0.038062965625,0.0109475796875
-0.028143753125,0.0202404171875,0.07105348125,0.037859778125
-0.004363951171875,0.0106866015625,-0.0207151078125,0.0307421546875
0.000226378369140625,0.042423375,-0.0105280828125,0.0231308203125
-0.01207269296875,-0.0109909734375,-0.06109271875,0.02379046875
0.0117762359375,-0.01465415625,0.006046412890625,-0.005175588671875
-0.03522821875,0.004631159765625,-0.0059883578125,0.0203584078125
-0.00540292109375,0.0595304375,0.013722859375,0.0150747234375
-0.006770488671875,0.01098033203125,-0.0183077953125,0.030092875
0.0173735234375,0.0150358625,0.0350439375,0.019093921875
-0.045241575,0.04491779375,0.021084125,0.0209808265625
-0.048768859375,0.0306646875,-0.00746655234375,0.01341866875
0.00915908515625,0.0406134375,-0.01075142265625,0.012948375
0.0278535296875,0.00630801640625,0.027734746875,0.02328531875
-0.04217909375,-0.0295053015625,-0.0275174,0.0106512265625
-0.0056090328125,0.01511161796875,-0.0049505078125,0.003574365234375
0.0223482734375,0.0984376875,0.044981309375,-0.0122465453125
-0.035058003125,0.06009371875,-0.000578581982421875,0.0006984916015625
-0.01874559375,0.059637646875,-8.344649314880372e-07,0.0191235765625
-0.004779694140625,0.06243321875,-0.0220999640625,0.062382115625
-0.051193221875,0.01496123828125,0.056508515625,0.07459866875
0.0032110705078125,0.04650621875,0.0004497764892578125,0.052777928125
-0.028942990625,0.038919784375,-0.00685189453125,0.006729001171875
0.01365017265625,-0.0149306296875,-0.01527258125,0.0202394640625
0.0030150849609375,0.0457075625,-0.00960361484375,0.006356973046875
-0.019496665625,0.0624338125,-0.00125312783203125,0.052177284375
-0.022350778125,0.045380096875,0.0399066625,0.02827130625
-0.05603848125,0.01512920234375,-0.0086144171875,0.0120211203125
0.00112235498046875,0.0022544251953125,-2.5928013610839845e-05,-0.00500619296875
-0.01511306328125,-0.000712513671875,0.010954375,0.04795359375
0.0057720515625,0.01050185859375,0.0258433703125,0.018887075
-0.0506928125,0.042642334375,0.041699571875,0.03682975
0.006952700390625,0.035110515625,-0.01442614375,0.0101621765625
0.002204238671875,0.050638890625,0.00298404609375,-0.0002962349609375
-0.0193885296875,0.0109461046875,0.002486168359375,0.000456027490234375
-0.043293875,0.003610788671875,-0.04021768125,0.0490429875
-0.017886484375,0.00244295546875,0.0110555546875,0.0696043625
-0.031055765625,-0.01749140625,-0.057222,0.021349375
-0.02286588125,0.0739494125,0.051441175,-0.01061951484375
0.037730203125,0.02118836875,-0.0593859875,0.01968705
-0.002875684375,0.01080011953125,0.0024930826171875,0.0269906109375
0.041029978125,-0.0434903125,0.0267724890625,0.03574739375
0.0094484640625,0.029094390625,0.0031973115234375,0.005961043359375
0.0116587578125,0.020792059375,-0.01032249140625,0.02712625
-0.0120618296875,0.007073012109375,-0.00513693515625,-0.006620702734375
-0.038954015625,0.0027240505859375,-0.0022489716796875,0.000669478515625
-0.00452852109375,0.028504203125,0.0241082796875,0.01066708125
0.0100256640625,0.050910353125,0.023057525,0.0306663421875
-0.029076684375,0.0485808625,-0.0028915990234375,0.0208262109375
0.0030603998046875,0.039069375,0.039616453125,0.0245405671875
0.01201510078125,0.00089228125,-0.002946853125,0.0265821265625
-0.047775009375,0.045455553125,-0.0229697734375,0.01110529375
0.0031370208984375,0.04378829375,0.006188033203125,0.004556654296875
0.019688125,0.0184292703125,-0.0125243015625,0.024844040625
-0.0115090265625,0.034835959375,0.0187679421875,0.0575996375
-0.044473034375,0.0302739671875,0.0312241765625,0.01515858828125
0.0179080578125,0.0255798015625,-0.000546097509765625,-0.0003731845703125
-0.05563765625,0.036116221875,0.00920366875,0.0154142328125
-0.036414190625,0.00951039296875,0.045711875,0.043358678125
-0.0205686140625,0.036071825,0.0034329880859375,0.004457651171875
-3.752102661132813e-05,0.018472265625,-0.029973853125,0.01556258671875
-0.0226882578125,-0.00094961962890625,-0.0073609921875,0.021482890625
0.01027184453125,0.028860796875,0.0017574423828125,0.005322454296875
-0.0059220625,-0.01059931015625,-0.03892753125,0.015395515625
-0.013106340625,0.03886291875,0.049945815625,0.11345383125
0.0225191625,0.0139712046875,0.0093997421875,0.017949396875
0.00500712890625,0.040773615625,0.013145978125,0.0134464453125
-0.007408855078125,0.00992378203125,0.0286100390625,0.02665985625
-0.005275247265625,0.039199103125,0.0256544875,0.00860348359375
0.006161091796875,0.0043431203125,-0.00890361953125,-0.005324361328125
-0.039962271875,0.0228305953125,-0.00508951953125,0.019763940625
-0.05096135625,0.00954651484375,0.0152072859375,0.019842021875
0.0249059421875,-0.0955333375,0.0476879,0.00908553203125
0.0227798703125,0.025741359375,-0.02887325,0.0192806609375
-0.037017765625,0.048321553125,0.0261256609375,0.043846528125
-0.057287790625,0.03921665625,-0.0266504203125,0.0229563625
0.00475859375,0.026150484375,-0.006711018359375,0.005203603125
-0.04493628125,0.037335884375,0.0244146546875,0.039535509375
0.00585144375,0.039896796875,0.0283699796875,0.03112165625
-0.096378175,0.048216,0.0260481140625,-0.15436325
-0.021879828125,0.007283561328125,-0.01503726171875,0.0262696625
0.0195559796875,0.0217245703125,0.00733801484375,0.022134359375
-0.005302546484375,0.050782196875,0.02963201875,0.043549671875
-0.01399135078125,0.0301854484375,-0.003865240625,0.084123125
0.0207324078125,0.041509375,0.05999059375,0.0410145
-0.0239872578125,-0.041089046875,-0.02805875625,0.0185852015625
0.0271009765625,-0.0011625263671875,0.003752691796875,0.013016815625
-0.060400221875,0.05462715625,0.00631306640625,0.07795471875
-0.01327514296875,0.03545485625,0.0853003125,0.030928478125
-0.00461046171875,0.0210612640625,0.023344740625,0.002328961328125
-0.01448666484375,0.0146081765625,-0.00569036328125,-0.00014352783203125
-0.04877994375,0.020503509375,0.0126743265625,0.035938125
-0.0238395265625,0.044545925,0.05481634375,0.06125009375
0.0007528064453125,0.03882498125,-0.014089459375,0.0397342625
0.025532953125,0.01220368828125,0.01002278515625,-0.001360115234375
-0.036655915625,0.045751609375,-0.00975834765625,0.014600234375
-0.01437924140625,0.026522453125,0.007423458203125,-0.0026520923828125
-0.0289490109375,0.00337427734375,0.03022921875,0.020504403125
-0.0520328125,0.048874603125,0.039027665625,0.0778903125
-0.0103867609375,0.0568966375,-0.0178328984375,0.0064905859375
0.025564065625,-0.02112528125,0.030421840625,0.030407596875
-0.04602109375,0.0195469828125,-0.0208718671875,0.048150521875
0.0127091375,0.0293199484375,0.0181653421875,0.034764690625
0.0608179375,0.000575482568359375,0.057656865625,0.0509405
-0.0249278453125,0.0190899953125,-0.00625286328125,0.0291360625
0.04190979375,-0.0392059375,0.018410525,0.0264224015625
0.01428776484375,0.005670634375,0.0004392637451171875,0.017200134375
-0.00153839541015625,0.0228203421875,0.0253776484375,0.02740999375
-0.03689764375,0.0918415375,0.006433246484375,0.05212703125
0.01405770625,0.013901825,-0.0033247345703125,0.037064175
0.0235580578125,0.018926671875,0.021363734375,0.0182091953125
-0.01216595859375,0.019124915625,0.00526040546875,0.01561314609375
-0.025707653125,0.038861490625,0.036757453125,0.02559065
-0.0198379703125,-0.0220312375,0.013880515625,-0.0098364328125
-0.022742015625,0.0873412,0.040702559375,0.07613451875
0.01356261328125,0.025488965625,-0.0286382328125,0.01253652109375
-0.02370035,0.046131825,0.01212183671875,-0.024452359375
-0.023001303125,0.02612935625,-0.0012496705078125,0.071118625
-0.050677396875,0.0179211421875,0.0289299953125,0.031089053125
-0.004445312890625,0.01373265625,0.001707560546875,0.01749520625
-0.00739973515625,0.04516753125,0.009962196875,0.01171369140625
0.0001479461181640625,0.02834879375,0.0024025427734375,0.00168904599609375
-0.043265025,0.07707998125,-0.0119854171875,-0.01001596171875
0.0007946484375,0.013689515625,-0.004470108203125,-0.00095562607421875
0.01209598359375,0.01557474609375,-0.007493552734375,0.030524421875
-0.043915134375,0.0351178125,-0.0111914609375,0.00460791328125
-0.0343806,0.0398203375,0.023352490625,0.0258881375
0.040219496875,0.01375043046875,-0.00074577197265625,0.0266023125
-0.006126282421875,0.037072546875,-0.0026977650390625,0.00913148671875
-0.01000592265625,-0.015215375,0.0172686484375,0.0257565859375
-0.00477361484375,-0.01497336640625,0.0733635,0.00439291015625
0.019065484375,0.02803920625,0.05898625,0.0078089203125
0.004343626953125,0.0453336,0.01409276796875,-0.00548708203125
-0.017607271875,0.0737310625,-0.0249386421875,-0.005098042578125
0.0118298203125,0.04822525,-0.0136723796875,0.0201281828125
-0.02908365625,0.0185898484375,-0.0152572921875,-0.0108009234375
-0.0583571875,0.00759857578125,-0.0235015109375,0.0402765
-0.014004796875,0.0008287427734375,-0.0241050640625,0.055773121875
-0.0306362984375,2.3066993713378906e-05,0.01240666484375,0.03888515625
-0.037018965625,0.0225804046875,0.0102431328125,0.036901096875
-0.01153319453125,0.01065036015625,0.0094560703125,0.0179575890625
-0.062489578125,0.01346897578125,0.0035797345703125,0.0111211484375
-0.04779349375,0.03446488125,0.0597567375,0.02489348125
-0.061758490625,0.0240924265625,-0.01056265390625,0.04045949375
0.0192789921875,-0.003436802734375,0.0176188890625,0.0188974640625
-0.03899154375,0.049107715625,0.011415,0.0013022341796875
0.00286030625,0.0253462078125,-0.005295572265625,0.10253025
-0.00187700927734375,0.027063565625,-0.0011388953125,0.0226171515625
-0.0086572125,0.0115350421875,-0.0018746845703125,0.007535156640625
-0.000279337060546875,0.034821734375,0.0299002125,0.007687133203125
-0.0284404953125,0.036012040625,-0.0087074,-0.00907165234375
0.0018667794921875,0.036219521875,0.025648346875,0.0213244890625
-0.055495896875,0.007345793359375,0.0312413546875,0.047964365625
-0.02770136875,0.04330973125,-0.00180756982421875,0.036801078125
0.0016155224609375,0.01243373125,-0.053410875,0.042459528125
0.0036861884765625,-0.00331467265625,-0.025704315625,0.0266066671875
0.037280034375,-0.09136695625,0.0394429375,-0.0025550115234375
-0.10827680625,0.029868046875,0.08343841875,-0.1863624
0.003818331640625,0.04361568125,-0.020637384375,0.00030660625
-0.048628546875,0.1175350625,0.01306288984375,-0.022027640625
-0.003240330859375,0.0354850875,0.039049003125,0.01378139453125
-0.0568696875,-0.0216932203125,-0.022806109375,0.0410190125
0.01156383125,0.06203613125,0.05286371875,-0.005633203125
-0.01349085078125,0.02563266875,0.0264904421875,0.0232615
-0.0355389,0.037841059375,-0.02746003125,0.0386468
-0.000143766357421875,0.01110171796875,-0.00897788671875,0.011774909375
-0.003614424609375,0.05841646875,0.00442607578125,0.00340074140625
0.0148974015625,0.01781725,-0.0245234890625,0.0452664375
-0.012592609375,-0.00140193046875,-0.00156435322265625,0.009239071875
-0.01435249453125,0.01371000234375,-0.00167401064453125,0.02563970625
0.004507301171875,0.02555578125,0.0140765265625,0.0281474484375
-0.040540334375,0.041078559375,-0.006671008984375,0.029994309375
0.0087704609375,0.04120015,-0.003161071484375,0.00274485234375
0.021010375,0.05590771875,0.009955640625,0.0192795296875
0.025401525,0.029860890625,-0.0099355546875,0.00609099609375
-0.028281234375,-0.01269280234375,-0.04182971875,-0.01486071328125
-0.0029562998046875,-0.004769830078125,-0.01007697265625,0.04103703125
-0.0024933955078125,0.037104584375,0.00669479140625,0.0253378640625
-0.0177972984375,0.0184774890625,0.0259162109375,0.0146307125
-0.06904526875,0.037871459375,-0.003134249609375,-0.01327836015625
-0.01000099921875,-0.00114965390625,0.00429844140625,0.026296484375
-0.021296609375,0.0360339125,-0.006467697265625,-0.0029362619140625
-0.021888796875,0.0426453125,-0.01107835390625,0.0436562125
0.0276629234375,0.05680709375,0.0115077453125,0.02259313125
-0.03573809375,0.0115644875,0.000622868359375,0.025531403125
-0.02057809375,0.0225657125,0.04129260625,-0.0002205072998046875
0.00141936494140625,0.01515560859375,-0.01365565625,0.02156275
-0.01948528125,0.05763353125,-0.01978046875,0.001269216796875
-0.060093859375,0.0467023625,0.0280070203125,0.035389290625
0.005432842578125,0.005138574609375,0.013186928125,0.0224682609375
-0.0111615,-0.0027534951171875,-0.0122485125,0.04825995625
-0.02434865625,0.001513719140625,-0.0155078109375,0.028650328125
0.0218769203125,0.00546514765625,0.0001615285400390625,0.036481840625
0.0135229765625,0.04352863125,0.0147787734375,0.039087271875
-0.01511610390625,0.03628398125,0.037275715625,0.0423679375
-0.009164359375,0.0275325390625,0.01878260625,0.052593446875
-0.02550025,0.041710121875,0.0238211078125,0.07015188125
0.0310501015625,0.07533481875,-0.009812353125,0.0142574265625
-0.01401015625,0.017662234375,0.0102240625,0.0033320771484375
-0.05312774375,0.090848875,-0.0010784859375,0.01494979375
-0.0209904796875,-0.0274883125,0.044062475,0.02080904375
-0.061434303125,0.0310628859375,0.03510628125,0.01404595
-0.0277953640625,0.029709640625,0.014205959375,-0.00262784375
-0.058467121875,0.01376649296875,0.0234145375,0.005683568359375
-0.0023348919921875,0.050915228125,-0.00040012587890625,-0.007046935546875
-0.00128807080078125,0.0022417744140625,0.005226818359375,0.0130034046875
-0.048529846875,-0.02609703125,-0.042805946875,-0.001684903515625
-0.038762075,0.05687294375,0.006394026953125,-0.0038044439453125
-0.0195499015625,0.061739959375,-0.0119681015625,0.021087996875
-0.030424284375,-0.00945651015625,-0.01448028125,0.0002223252685546875
-0.00284665703125,0.0271235890625,-0.019676265625,0.0269301421875
0.02270446875,0.0247071890625,0.005668757421875,0.047975290625
-0.048746921875,0.040928165625,0.0250654484375,0.01455151484375
-0.02147035625,-0.00036120400390625,0.0226371875,0.07827995625
-0.055427875,0.0209224265625,-0.00455343515625,0.01296832734375
-0.023151625,0.0204118765625,0.019227496875,0.0071162421875
-0.06168603125,-0.017237534375,-0.018031825,0.0439057125
0.00066590283203125,0.0185583171875,-0.014754028125,0.018563621875
-0.048399428125,0.0147604890625,-0.041753871875,0.0233763296875
-0.003682671875,0.00624835234375,0.023319890625,0.0210282734375
0.007793959375,0.003379276171875,0.0100818828125,0.0235338171875
-0.0205203234375,0.019413521875,-0.03989695,0.01433917265625
-0.00491855859375,0.042824784375,0.00575244140625,0.000626146630859375
-0.034729825,0.0195694375,0.0310106171875,0.0300290640625
-0.085121175,-0.05025659375,-0.07551285,0.1202303125
0.0505665,-0.00191545419921875,0.014584296875,0.041001125
-0.0190297265625,0.0286100984375,0.02016640625,-0.0032777775390625
-0.01034868828125,0.0263585625,-0.0522879375,0.01067518671875
0.011087546875,0.05393753125,0.000319719189453125,0.0190232875
-0.050645925,-0.000647604248046875,0.027171509375,0.0237321796875
-0.03747205,0.01511793671875,-0.005750703125,0.0280159921875
0.0231751078125,0.019042003125,-0.011419365625,0.036502228125
-0.01478433125,0.004369345703125,0.0007992384765625,0.037396521875
0.00662290859375,0.018016265625,0.019464671875,0.00769993359375
-0.0247610703125,0.014581078125,0.0186925765625,-0.007395265234375
-0.027790775,-0.004701851171875,-0.011052484375,0.0066325640625
-0.02956251875,0.040996796875,-0.0135014,0.02245425
0.00740444453125,0.014596634375,0.0129862390625,0.01361968515625
0.000627398291015625,0.034841396875,0.019514934375,0.00873654609375
-0.051070196875,0.04657409375,0.0031180373046875,0.023389803125
-0.0306427359375,0.01554321640625,0.00130301669921875,0.034995771875
-0.034801528125,0.0106684515625,-0.0147210015625,0.00137412109375
-0.022279984375,0.034419103125,-0.010526771875,-0.01482021328125
-0.0207636875,-0.0007505322265625,-0.0582376875,0.04082785
0.0131155796875,0.02276496875,0.0235434703125,0.00887298359375
-0.0446601875,0.0299062609375,0.0222092765625,0.01817656875
0.0272383578125,0.042657175,-0.05270996875,0.0381502375
-0.022155034375,0.0288498296875,0.003588555859375,0.0221112875
0.037872171875,0.03477315625,-0.0036650736328125,0.0489778375
-0.042841409375,-0.01291536796875,0.009590740625,0.0187253875
0.02790328125,0.02167605625,0.05938205625,-0.057956675
8.654591674804688e-05,0.00939356796875,-0.0236676859375,0.040216396875
-0.020963134375,0.038664440625,-0.02240171875,0.021061921875
0.020001984375,0.0219524984375,-0.014332528125,0.031042875
-0.0228561625,0.044333315625,-0.029307178125,0.038625375
0.0100048671875,0.03052424375,0.00629788359375,0.0296522578125
-0.04331591875,0.04363570625,-0.0111405203125,0.0055935359375
-0.030357421875,0.034806115625,-0.01050132109375,0.01059889296875
0.0026275505859375,0.0403562625,-0.0031497466796875,0.0595779875
0.036494375,-0.005682227734375,-0.0034281453125,0.0172142921875
-0.05216358125,0.037991025,0.0238147890625,0.04567896875
0.0051335078125,0.0206744578125,0.022128215625,0.0199389375
-0.035866009375,0.0395536,0.005119186328125,0.0188158078125
0.002874015625,0.0248187890625,-0.00560258203125,0.0246787
-0.03769098125,0.0558186625,0.023008215625,0.025047053125
0.0295575,0.000760852978515625,-0.001490349609375,0.01292764609375
-0.050670421875,0.004329440625,-0.0120205546875,0.046277978125
-0.0126316859375,0.04501615625,0.02640384375,0.0177558578125
0.02073859375,0.0265455140625,0.048869596875,0.03050734375
-0.0264682375,0.0302446359375,0.0022605650390625,0.0011565654296875
-0.0139274859375,0.0358545625,-0.0177424484375,0.01310181171875
-0.002413629296875,0.034708246875,0.004338322265625,0.0187554875
-0.053222390625,0.05145399375,-0.01068734609375,-0.0030833474609375
-0.024742296875,0.01764595,0.0687877875,0.027918209375
-0.0740654375,0.0311592921875,0.048981775,0.0208650734375
-0.044302440625,0.04653490625,0.0260609265625,0.051158590625
-0.0182773078125,0.056637378125,0.0136249,0.007049408203125
-0.00043052421875,0.003817705859375,0.00578087265625,0.047059409375
-0.0870748125,0.029359334375,-0.027570953125,-0.01287030703125
-0.01133268515625,0.0154148875,0.0031363953125,0.043072446875
0.01352953359375,0.008926484375,-0.0269600046875,0.061910959375
-0.02359449375,0.051211640625,0.0224674265625,0.0243484859375
-0.006569621484375,-0.006068525390625,0.01984363125,0.01535102109375
-0.0071095796875,0.047848203125,0.0415847125,0.04755409375
-0.23343925,-0.10947308125,-0.08685705,0.05514786875
-0.0300632609375,-0.00131831640625,-0.00866995390625,0.0021532763671875
-0.044109803125,0.0249801796875,-0.0175287625,0.01154076484375
-0.0141472765625,0.0304661875,0.0433626,0.00494575390625
-0.011464946875,0.0186212,0.0113869859375,0.0029904830078125
-0.0253121140625,0.038546809375,-0.0529876875,0.0266079796875
-0.019738309375,-0.003440021484375,0.0187973703125,-0.0155858921875
-0.0149267859375,0.004573677734375,-0.021309009375,0.0567258125
-0.0154678375,0.03612309375,-0.0074501984375,0.0209955140625
0.0470277,-0.07784314375,0.0799009125,0.022127796875
-0.0095394515625,0.050042675,0.02126749375,0.023406846875
-0.00074546015625,0.05569196875,0.029015053125,0.0278557453125
0.00660013984375,0.02184866875,0.00058300771484375,0.01041912578125
-0.03513048125,0.012445921875,-0.01296245703125,0.009545203125
0.0021915234375,0.043005215625,0.01731609375,0.02348315
-0.00074028955078125,-0.029835859375,0.02398950625,0.019897753125
0.00109576953125,0.004796353515625,-0.040685,-0.00178635068359375
-0.0203170375,0.04777565625,0.048979875,0.05124575
-0.0252326609375,-0.00892650859375,0.0141500765625,0.003584264453125
-0.04322205625,0.036252421875,0.0303422125,0.020649871875
-0.037354009375,0.0221114375,0.0255608484375,0.04048146875
-0.0492277,0.0472357125,-0.0033466802734375,0.0144886921875
-0.04607059375,0.0218613046875,-0.01218878671875,0.0225080765625
-0.0112031640625,0.01342484375,0.0219952703125,0.004804489453125
0.01465946015625,0.031030328125,0.0231954953125,0.0198922375
-0.0027210703125,0.00946273984375,-0.0208590546875,0.020340196875
-0.0149742421875,0.02187093125,0.0255560796875,0.009725703125
-0.04894165625,-0.00032728896484375,-0.01405663984375,0.01013624296875
-0.00768440625,0.0046182546875,0.007499013671875,0.0371279
-0.0198146046875,0.017650453125,0.02462103125,0.01337956796875
0.014099653125,-0.00117334677734375,-0.01044640625,0.07574125
-0.0222682859375,0.024914078125,0.0276567859375,0.03964920625
-0.0038700685546875,0.01047723984375,-0.01033281953125,0.02231215625
0.041523625,0.01386379765625,0.0251167921875,0.05305425625
-0.0129551640625,0.038943625,-0.0034726845703125,0.07001110625
-0.05348240625,0.028534109375,0.0101518890625,-0.00279435390625
0.04612359375,0.040394196875,-0.02173586875,0.02497600625
0.005459306640625,0.023457015625,0.0034128359375,0.03458705
0.0213938859375,-0.043234809375,-0.0062262375,-0.0095882375
-0.0268787046875,0.024405884375,0.0135760546875,0.00865226640625
0.002832962890625,0.0256976703125,0.02625231875,0.0125368484375
0.0035343455078125,-0.0008978244140625,-0.0016687505859375,0.01271390625
-0.05204699375,0.07323773125,-0.01457800859375,-0.0176345046875
-0.005513788671875,0.0185045328125,-0.007190701953125,0.01169049140625
-0.045408103125,-0.0016587966796875,0.035614715625,-0.072544375
-0.0256087703125,0.01281558984375,0.02565204375,0.04406438125
-0.04135201875,0.0182452109375,0.04782675,0.097923075
0.0154875140625,0.0293947375,0.0271876171875,0.0156218671875
-0.027765203125,0.0063670859375,0.039368621875,0.019286559375
-0.05793603125,0.06131103125,-0.006256578515625,0.045793134375
-0.05861006875,0.0279730453125,0.10199875,0.019744625
-0.0291159046875,0.049654484375,0.0477460625,0.01185789375
0.005328652734375,-0.0035248388671875,-0.019460653125,0.05204596875
-0.037846846875,-0.000712319873046875,-0.018424590625,-0.00631306640625
0.0027705419921875,0.0203660765625,0.0257188,0.0195752921875
0.02322809375,0.01544468984375,-0.0129470796875,0.03927259375
-0.0294425828125,0.0258066859375,0.00990223515625,0.0235682671875
-0.0447304,0.058007575,-0.00937537421875,0.0094767765625
-0.02024745,0.00920402578125,-0.01546912734375,0.0100895421875
-0.03505705,0.031176671875,0.0291413375,0.03506333125
-0.017254940625,0.006337758984375,0.000813930908203125,0.01409114296875
0.04317133125,-0.1847478375,0.0029408923828125,0.0003776549560546875
0.0118035046875,0.059247321875,0.003091274609375,0.041777946875
-0.00178793017578125,0.0424346875,0.02525865,0.01045555859375
-0.0190175671875,0.0382403125,-0.0004093645751953125,-0.03939949375
-0.01056181953125,0.0517121875,-0.013663046875,0.036196459375
-0.0449046875,0.02527396875,-0.0288337359375,0.00094592529296875
-0.034572703125,0.0560563,0.0036948908203125,0.022485009375
-0.035167565625,0.0309108359375,0.042739878125,0.01890296875
0.0177770796875,0.0238948359375,-0.0100679359375,0.047811965625
-0.01304959765625,0.02321678125,-0.006970239453125,0.0067396734375
-0.038335215625,-0.00161480849609375,-0.007179734765625,0.0417976875
0.01349411328125,0.043648240625,0.0197487078125,0.04655191875
-0.000596761474609375,0.020770125,0.0251209640625,0.05541275
0.017959228125,0.036109190625,-0.0035068529296875,0.03738836875
-0.011813696875,0.02063518125,0.01057050546875,0.00138812890625
-0.049766,0.00024396170654296875,-0.0028030447265625,0.01372995546875
-0.01323702578125,0.01793139375,0.005482402734375,0.0268658296875
0.0118584609375,0.05942703125,-0.0221054,0.0038916453125
-0.0192091359375,0.00910171875,0.01204076015625,0.028619428125
0.01009398359375,0.0172504109375,-0.00069033935546875,0.0094144296875
-0.018465271875,0.0489575125,0.03749584375,0.03694271875
-0.042442659375,0.00696991796875,-0.01236491953125,-0.0087051359375
0.014483446875,0.0790926875,0.01325304375,0.0229181203125
-0.044130846875,0.0196008171875,-0.00441737265625,-0.0032225240234375
-0.0569723625,0.03742288125,-0.0203320890625,0.0232498515625
0.0003464220703125,0.0269982703125,0.01393349140625,0.0216257015625
-0.0152288625,0.0063451796875,-0.02130945625,0.0190772953125
0.021688571875,-0.0182607078125,0.11834125,0.02216671875
-0.005934713671875,0.006330546875,-0.01459433984375,0.0205259265625
-0.0032122126953125,-0.0105268671875,0.0282204375,0.005528328515625
-0.026365109375,0.0189375796875,-0.001185058984375,0.0237085
0.006853519140625,0.005358991015625,0.005778697265625,0.036514215625
-0.00014127786865234375,0.00893796640625,0.00449496328125,0.0292716875
-0.04057894375,0.0120328625,0.01545738671875,0.0384421125
0.0087454875,0.01324843984375,-0.0275995,0.035446690625
-0.0479176875,0.021879828125,0.04363759375,-0.01250516953125
-0.00604870703125,0.01426234296875,0.00158607890625,-0.0012277361328125
-0.00573921015625,0.0174314890625,-0.0156122078125,-0.01456385234375
-0.08851835,0.0841839375,-0.007596013671875,0.0185649328125
-0.0276809859375,0.04054961875,0.05967626875,-0.020534
0.008919653125,0.028205621875,0.0021603693359375,0.0185605828125
-0.060429025,0.0392928,0.00942384765625,-0.0143892421875
-0.006350396484375,0.023626265625,0.0143336,0.046750159375
-0.026509753125,0.05325265625,0.02965776875,0.028211403125
-0.0230908296875,0.0062521671875,-0.017718546875,0.038577271875
-0.005536673046875,-0.01898428125,-0.026416953125,0.0376322125
0.04212759375,0.035640340625,0.0037075787109375,0.01053016953125
0.048549990625,0.0346481625,-0.051600375,0.046615784375
0.00144672333984375,0.0003446935302734375,-0.01228814921875,0.00759100625
-0.0283537734375,0.042066915625,-0.023105371875,0.035890209375
0.012966509375,0.0224505546875,-0.0034070150390625,0.01126244296875
0.00549375859375,0.004783210546875,-0.008941609375,0.02182196875
-0.04852209375,0.03885553125,0.02792059375,-0.007456538671875
0.0309669828125,0.02831178125,-0.00188112197265625,0.056080625
0.0014185302734375,-0.0063203546875,0.0127674296875,0.01272293515625
-0.002667351171875,0.042559259375,-0.00350403671875,0.01978894375
-0.004399537109375,0.0213913796875,0.01165022890625,0.0229189296875
0.0102537875,0.0245402984375,0.0102778640625,0.03072463125
-0.04969964375,0.00293958125,-0.0104393921875,0.0187779578125
-0.0374088125,0.054523084375,-0.010674471875,0.018640153125
-0.00519418515625,0.04175113125,0.0209252734375,0.023215996875
-0.004876134375,0.02059640625,0.03847990625,0.02759384375
-0.0139461703125,0.036822421875,-0.0265932421875,0.00981998203125
0.0199486234375,0.000634871142578125,-0.0094754640625,0.007554647265625
-0.03774328125,0.03935925625,0.0192677265625,0.0173599625
0.006607292578125,-0.0296915640625,-0.007363675,0.0198764734375
-0.0969690625,0.036238178125,-0.00717162890625,0.0255889828125
0.0260353015625,0.0227354640625,0.000877171435546875,0.023552575
-0.04135761875,0.0280328890625,0.007211921484375,0.020084546875
0.028778840625,0.01305394921875,-0.01928490625,0.009348165625
0.041749875,-0.00189080751953125,0.046843975,0.01060819140625
0.00223010703125,0.04677615,0.01445453828125,0.0257436984375
-0.006745872265625,0.018206975,0.0013450380859375,0.008894096875
0.01037309375,-0.0219457046875,-0.0201920484375,0.03945280625
-0.00299945390625,0.041336165625,0.01920746875,0.034578753125
0.00910003125,0.0606921875,0.0284047046875,-0.0124316078125
-0.0106773921875,0.0271984875,0.01416110703125,0.029583921875
-0.0246316125,0.041995903125,0.01139720703125,-0.018943478125
-0.0367104625,-0.00632405,-0.0250714921875,0.026222815625
0.0029458994140625,0.05493415625,-0.0289195078125,0.050497246875
-0.00112843466796875,0.06034165625,-0.00680410546875,0.111078625
0.00619590078125,0.017586346875,0.00447636640625,0.003423570703125
-0.04201720625,0.0211170203125,0.048462365625,0.0450961375
-0.0287862015625,0.03470466875,-0.00435185234375,0.0225785265625
-0.04808006875,0.039259509375,0.057411440625,0.009225109375
0.005930325390625,0.03806255,0.00731539375,0.0210143984375
-0.00758999296875,-0.01317268046875,-0.0101953703125,0.0074858640625
-0.0269064203125,0.07388291875,-0.0120217421875,0.000139951416015625
0.0195590796875,0.0232286359375,-0.006547448828125,0.01442104140625
-0.005126443359375,-0.007539596875,0.01431238046875,0.01336961484375
-0.036652790625,0.03521775625,0.0027379978515625,-0.0151220625
0.0124868109375,0.026639890625,0.012959328125,0.00632908671875
-0.0130556765625,0.0530225125,0.0046104171875,-0.004786846875
-0.0126374265625,0.005643812109375,-0.0025892544921875,-0.004975391796875
-0.00992881875,-0.00596922421875,0.023030271875,0.021852425
-0.0264753015625,0.0136944015625,-0.00639498046875,-0.00979995546875
-0.0024753205078125,0.01452394609375,-0.026914328125,0.028336815625
-0.01024984765625,0.038295546875,-0.00148463212890625,0.0152205859375
0.003005980859375,-0.0235285,0.0087202734375,0.005827483203125
-0.0269039171875,0.0260958578125,0.004943011328125,-0.000367790380859375
-0.04841121875,0.0025811783203125,-0.00764375625,0.0210830015625
-0.028655040625,0.0244154890625,-0.000593781201171875,0.018429865625
-0.041944484375,0.0473765,0.0076899375,0.03902396875
-0.01014574921875,0.01532291796875,-0.0035030234375,0.010489921875
0.019953884375,0.0122450546875,0.0281267671875,0.05840465625
-0.023664346875,0.01541739140625,0.0261279859375,0.0858889375
-0.0092209296875,0.048308290625,0.02686738125,0.060897740625
0.009921740625,-0.0018826716796875,-0.03896639375,0.0261267828125
0.000422953857421875,0.01902068125,0.0249990140625,0.02585371875
0.0185222046875,0.061962315625,0.055288534375,0.05004375
-0.0402955875,0.041902165625,0.0261120390625,0.017227821875
0.0002703662109375,0.04857078125,-0.02521835625,0.057409125
-0.0242178953125,0.0019192091796875,0.005610283984375,-0.01389884453125
-0.0292801109375,0.05089859375,0.0033633994140625,0.005898645703125
-0.0204204234375,0.052887721875,-0.007026730078125,0.0200154671875
-0.051263790625,0.0427053125,-0.0183746734375,0.043107734375
-0.035610896875,0.0202605625,-0.01542943125,-0.0305952921875
-0.00953244765625,0.01875933125,0.0211710828125,0.0203984875
-0.0025353423828125,0.0068429390625,-0.01024209921875,0.0053137515625
0.0624058125,0.0458649125,-0.003540753515625,0.0279741203125
0.0030662705078125,0.0223919625,0.02471938125,0.0241333703125
-0.027837953125,0.0441579625,-0.00123500791015625,0.0429489375
-0.0130236703125,0.048242671875,-0.00380355,0.05219553125
-0.013818021875,0.0029442302734375,0.028146525,-0.0118193125
0.0205173125,0.00737702578125,-0.004725155859375,0.0177223609375
-0.01484783984375,0.022133878125,0.0311719625,0.0380353125
-0.03847036875,0.01445662421875,-0.0199456140625,0.019136859375
-0.07430753125,0.007310536328125,0.0104239546875,0.0214826921875
-0.034921809375,0.0043983453125,-0.018531434375,0.01428853984375
0.02211218125,0.0362071875,0.03787909375,0.012998725
-0.047157396875,-0.0211913921875,0.025008453125,0.037274284375
-0.043524775,0.0224446515625,-0.00505137265625,0.00878561484375
0.0177178921875,0.0257400171875,-0.01765359375,-0.000872999169921875
0.0053102953125,0.0242628984375,-0.0055643296875,0.0182272125
-0.04843746875,0.0248943453125,-0.020160428125,0.06161125
-0.045017703125,-0.0024919501953125,-0.01104354453125,0.0013791884765625
0.001524090234375,0.027504109375,0.01393085234375,0.0302279171875
0.00190085107421875,0.03513846875,0.0482918125,0.0530671875
-8.620320129394531e-06,0.0137017921875,0.00873124140625,0.0249085359375
0.0130941125,-0.005199669140625,0.0092934046875,0.026083459375
-0.0256590625,0.042197146875,0.005095062109375,0.002558408984375
-0.0267305859375,0.02572171875,-0.01897941875,0.03751824375
0.00084590771484375,-0.0033512400390625,-0.01498323046875,0.01727294375
-0.021865,0.0190142,0.005630192578125,0.01249926875
0.00374501796875,-0.01302861640625,-0.0008658763671875,0.02311903125
-0.00141054345703125,-0.01553898359375,-0.007424977734375,0.04597328125
-0.0173711703125,0.070700625,0.001699357421875,0.022880421875
-0.01834749375,-0.009192075,0.0189796578125,0.0210455859375
-0.01077687421875,0.006604013671875,-0.01452591328125,0.0286866875
-0.00328945703125,0.0312227890625,0.0034728828125,0.030892240625
0.0215603390625,-0.0256513875,0.023850553125,0.045034628125
-0.0262524375,0.058644125,0.0015231365234375,0.0529318875
0.05618721875,0.019728109375,-0.0025385607421875,0.0504125125
-0.029699225,0.01278441640625,0.0134245390625,0.01406535
0.006084976171875,0.047842959375,0.0197830328125,0.006575819921875
-0.05122773125,0.041992009375,0.030200625,0.01363419921875
0.0172833109375,0.0287403125,0.006862519140625,0.00181218916015625
-0.002816497265625,0.037321271875,0.01510977109375,0.023642953125
-0.0064337234375,-0.0370641875,0.01486277109375,0.020879975
0.027673890625,-0.0272500078125,0.03063558125,-0.00476216015625
0.017547796875,0.02234560625,-0.0013670916015625,0.042026384375
0.000666618115234375,0.01526712890625,0.007528093359375,0.00160005634765625
0.005040822265625,0.0205671703125,0.0297549328125,0.03778569375
-0.007035730078125,0.00010251995849609375,0.03963384375,-0.0249036484375
0.04450471875,0.020996684375,-0.01222984765625,0.03466545625
-0.0027437794921875,0.03812585625,-0.0183575078125,0.044650515625
-0.04867109375,0.04929753125,0.01271506796875,0.0549009375
0.00067305546875,0.06088690625,-0.019765846875,0.049028621875
0.0203115859375,0.00989301875,0.0272785640625,0.02776475625
-0.0418937,0.0398265,0.0234951609375,0.01381688984375
-0.05863343125,0.0043882109375,0.00871794921875,-0.0202767171875
0.01420282890625,0.0120820953125,0.04841671875,0.01494371328125
-0.0133709859375,0.017427496875,-0.0004339700927734375,0.0182761640625
-0.04526231875,-0.0199134875,0.0194869078125,-0.042322615625
0.0188851625,0.0472994875,0.023115265625,0.019064734375
-0.0131154609375,0.0188490671875,0.00988369765625,0.0138536046875
-0.02810828125,-0.0179274,-0.0355610125,0.0424456375
0.012815171875,0.0094827359375,-0.006532830859375,0.0537429875
-0.013386259375,0.0189089375,0.00186467119140625,0.03995965
-0.035386175,0.0175949296875,0.01445328671875,0.0286812671875
-0.04413245625,0.036466996875,0.041564325,0.0515384375
0.0193651359375,0.018927565625,0.0213237890625,-0.00016894931640625
-0.0059169515625,0.05416498125,0.0298694265625,0.01488401875
-0.04729316875,-0.0046849234375,0.0202876546875,-0.006526378125
-0.04227981875,0.030269609375,0.0289763078125,0.04963455625
0.01182733125,0.05777511875,0.0123726078125,-0.0032841845703125
-0.0125312765625,0.0188046921875,-0.004615066015625,0.01076450546875
-0.037412028125,0.034559875,0.000459730517578125,-0.0248255
0.004604187890625,-0.0028261529296875,0.00138533056640625,0.0286932484375
-0.043748121875,0.0221450828125,0.021065465625,-0.001348755859375
-0.02629296875,-0.0067049828125,-0.0431738125,0.027641884375
-0.0240037375,0.01394962890625,-0.004651127734375,0.003451465625
0.00554704453125,0.037388528125,0.029118140625,0.030527359375
-0.060486771875,0.04548225,0.02954021875,0.046726321875
-0.0181474375,0.03927134375,0.0294457125,0.0033643232421875
0.0001816746826171875,0.0222473078125,0.003312608984375,0.006925476171875
0.00115290224609375,0.055927259375,-0.000546335888671875,-0.00770523828125
-0.0186310359375,0.0214927140625,0.037036159375,0.0182475703125
-0.02561675625,0.0223871953125,0.06924911875,0.03957691875
-0.0273114296875,-0.026861896875,0.024702778125,8.189666748046875e-05
0.01235728984375,0.041496496875,-0.013440365625,0.027485959375
0.0134367578125,0.0103210765625,0.01006823359375,0.0312180359375
-0.0717063125,0.042939165625,-0.01299190078125,-0.00449704921875
-0.004502324609375,0.030498196875,0.0177074609375,0.023907890625
-0.012533046875,0.0057672234375,-0.002411543359375,0.041131959375
-0.0180764140625,0.03106354375,0.0256133,-0.01491784609375
-0.0497875,0.02596746875,-0.00951253828125,-0.0189894328125
-0.047507865625,0.011015053125,0.01318293125,0.03868615625
-0.036223334375,0.11260225,-0.0118572421875,-0.0034088921875
0.0122440703125,0.0286098609375,0.027468953125,0.05534559375
-0.0191864875,0.04885146875,0.0036616904296875,-0.0052935453125
-0.036354053125,0.0200885171875,0.00076091259765625,0.041455728125
-0.022395421875,0.03710285625,-0.01003431953125,0.0376826375
-0.027002128125,0.004492280859375,-0.01063429765625,0.045402725
-0.01379256953125,0.034787515625,0.012101765625,0.0533351875
-0.009607653125,0.0291559578125,-0.0087051171875,-0.0172769953125
-0.0259215,0.025408559375,0.017526496875,0.029745090625
0.010154921875,-0.00446629375,-0.00972155703125,0.020263184375
-0.0913603125,-0.00535343359375,-0.0189888375,0.02457475
-0.0223727859375,0.055894028125,0.00709986484375,0.00755595859375
-0.0292531125,0.038578078125,0.036293971875,0.0531315625
-0.0292284359375,0.050606021875,0.0307069890625,0.0030106296875
0.01373895625,0.00459569453125,-0.010942096875,0.00360423203125
0.00232280703125,-0.030667953125,-0.021739890625,0.028370134375
-0.04533771875,0.02764039375,-0.01759171875,0.019276459375
-0.021074578125,0.024821628125,-0.01466869921875,0.0090818375
-0.060088609375,0.0573555,-0.0208306234375,0.045580721875
-0.00459497265625,0.04499375,-0.00467991015625,0.02163265625
-0.0027829994140625,0.0791160625,0.050157653125,0.0177379625
-0.047927365625,0.0444181,-0.00623237890625,0.020412375
0.0547340375,0.0137644375,-0.01257872109375,-0.10252400625
-0.002335279296875,0.024916103125,-0.004754094140625,-0.00600371796875
-0.00623565703125,0.054062125,0.005424498046875,0.04496668125
0.010352428125,0.04735390625,-0.012088965625,0.0504061625
-0.031090990625,0.0237370796875,-0.007387516796875,0.0147744375
-0.006612060546875,0.07030673125,0.029430140625,-0.00507354609375
-0.0511229,-0.0071187,0.021558515625,0.00758409296875
-0.02598845,0.050147659375,0.00162643134765625,0.0144578765625
-0.0299047109375,0.0584695,0.0279636296875,0.003691783203125
-0.046179390625,0.040063,0.004468260546875,-0.000744044580078125
-0.029292859375,0.018239609375,0.018257371875,0.0141758890625
-0.0523516,-0.0014883275390625,0.00892787890625,-0.00153040849609375
-0.03446488125,0.001704927734375,0.0185958375,-0.0290694140625
-0.0264516390625,0.05934379375,0.00012129541015625,0.03794000625
-0.041981315625,-0.00933622890625,-0.00885402890625,0.01104077265625
-0.01033079296875,0.044597128125,0.0134316640625,-0.0227093625
-0.007526334765625,0.0216291453125,-0.005952803125,-0.0126557421875
0.005657283203125,0.0108976328125,0.026589796875,0.02996371875
-0.00962313515625,-0.0229190484375,-0.00973493671875,0.02174515625
0.0094574640625,0.0229072765625,0.007577357421875,0.01470410390625
-0.00094908447265625,0.005077896484375,-0.0307823015625,0.05558578125
-0.0262424234375,0.0424687625,0.027520796875,0.01137098203125
-0.038016890625,0.0077310171875,-0.00454574609375,-0.0156044890625
-0.025019725,0.026779453125,0.01094233515625,0.00762381875
-0.054174696875,0.009797809375,-0.028523315625,0.0180507203125
-0.1058239375,0.05543170625,0.043305859375,0.035206425
-0.04296645625,0.00528740703125,0.01464819140625,0.0288106125
-0.0180565625,-0.01117489609375,0.0219672640625,-0.006477234375
0.04199049375,0.0700223,-0.01485746484375,0.023393703125
-0.024687203125,0.04686239375,-0.0028651939453125,0.0744594
-0.0092481921875,0.0529193125,0.00721189140625,0.006896269921875
0.010751125,-0.005208787890625,-0.02736433125,0.0215710453125
-0.0264538421875,0.017893009375,0.018271615625,-0.0006741283203125
-0.0258785359375,0.0305957140625,-0.0033857212890625,0.00998651484375
-0.00469273125,0.038982125,0.005607602734375,0.036964275
-0.027813484375,0.01054083828125,0.0299127,0.0232665421875
0.031010259375,0.01412534140625,-0.007006977734375,0.020973434375
-0.0126883328125,0.0248700265625,0.000599503271484375,0.0005772111328125
-0.0074740625,0.00746333359375,0.006063309765625,0.018111459375
-0.04425321875,0.04701675,0.0019266439453125,0.004351792578125
0.0151720890625,0.0025329583984375,-0.0256401234375,0.004650710546875
-0.01913749375,0.0244829140625,-0.01137208515625,0.0100774125
-0.03917150625,-0.0045503359375,0.01121353515625,0.0106861234375
-0.007476923828125,0.0311304203125,0.01360582734375,0.01236906171875
7.292625732421875e-05,0.045053228125,0.0268868125,-0.0054843546875
0.0099129375,0.01201474296875,0.02065443125,0.01191821328125
0.0102586640625,0.034661034375,0.0104378671875,0.01204127734375
-0.006649789453125,0.0027263154296875,0.021371175,0.025783496875
-0.0263056921875,0.0386063875,-0.0196953953125,0.0236814421875
-0.006260609375,0.00637870859375,-0.00535389453125,-0.0118714546875
0.0201464828125,0.0057402828125,0.0214829375,0.0253673671875
0.002412076171875,0.0210396859375,-0.01528351875,0.041837325
0.0025588111328125,-0.0579741875,0.009389753125,0.0187339703125
0.0310231875,0.025970453125,-0.013049478125,0.02848338125
-0.0957886875,0.047565921875,0.028559434375,-0.01907109375
-0.1096696875,0.05922208125,0.02934598125,-0.0243114140625
0.0036517216796875,0.014359290625,-0.00096821748046875,-0.01039641640625
-0.00063091494140625,0.0265926015625,0.0077363671875,0.0182236359375
-0.0181092546875,0.035567146875,-0.01095687890625,0.01787018125
-0.01087599609375,-0.002320229296875,0.00944983515625,0.0190588171875
-0.00860464140625,0.0184698015625,0.022367590625,0.013669721875
0.029481203125,-0.00141698056640625,-0.00643312734375,0.0129618
-0.0180437484375,0.04153476875,0.006104169921875,0.05595065
-0.00947981640625,0.005795460546875,-0.0027174640625,0.0127384625
0.00178354921875,0.0259753390625,-0.0061115234375,0.010197515625
0.018781,0.02938645,0.0181299984375,0.001843593359375
-0.07279690625,0.03686515,0.0146496265625,0.001413344921875
-0.00091534619140625,0.05960033125,0.022477946875,0.042092871875
-0.050846921875,0.0180120390625,0.0034908046875,-0.02985940625
-0.0107011140625,-0.00014650816650390626,0.000850140673828125,0.0292414296875
0.0139713546875,-0.00933118515625,0.00869035390625,0.0102341125
-0.005691883984375,0.02315996875,-0.0030374517578125,-0.0096484375
-0.03043865,0.01167982109375,-0.0172499328125,0.03715316875
-0.05582235625,0.0228649265625,0.052137275,0.00920879453125
0.026432453125,0.0420538125,-0.011299921875,0.0029077814453125
-0.07906910625,0.03947709375,-0.00182855048828125,-0.004729775
0.017984375,0.0298342609375,-0.02681635625,0.0023607599609375
-0.0285729671875,0.046848996875,-0.01453852109375,0.01809975
-0.0252660984375,0.0173247359375,-0.00538468203125,0.0286532
-0.007406708984375,0.02599810625,-0.037603184375,0.043984159375
0.01802490625,0.0404689875,-0.000822841748046875,0.04585301875
0.0251656421875,0.0123881046875,-0.01497671875,0.0059162359375
0.0182039671875,0.041719659375,-0.000279962939453125,0.0128813046875
-0.0720040375,0.0305060015625,0.0032358162109375,0.0298282765625
-0.01328601875,0.00194501796875,-0.0196995,0.01225760234375
0.07149844375,0.005683062109375,-0.003196119140625,0.019657353125
0.01317321640625,-0.024167646875,-0.02386624375,0.05932686875
-0.00562404296875,0.01333015625,-0.0179734140625,0.01386546640625
-0.002416490234375,0.07668586875,0.03538023125,-0.00178226767578125
-0.05814538125,0.0150139265625,-0.00149038388671875,0.052987375
-0.006246475,0.045870696875,-0.0193670875,0.0311261875
-0.028268803125,0.047727921875,0.0220570484375,0.028811859375
-0.06083103125,0.023672334375,0.005323526953125,0.03491703125
-0.01228606328125,0.03975300625,0.01508008828125,0.043180834375
-0.0153726859375,0.04073051875,0.058771590625,0.0149301234375
-0.0002715586669921875,0.00734884375,-0.006085512890625,0.0150538625
-0.0263950140625,0.0224808375,-0.01525961875,0.037243321875
0.0032528775390625,0.0367700875,0.008675125,0.0215367625
0.00355337421875,0.0530442,0.04039780625,0.0299515
-0.0227089453125,0.0105411359375,0.02004819375,0.04830900625
-0.003247915625,0.0567236875,0.0609735,0.00620323203125
0.024271121875,0.00457142578125,-0.0129348984375,0.000401437158203125
0.003744243359375,0.0352643625,0.00990295234375,0.01065040546875
-0.004954455859375,0.053646834375,-0.022488346875,0.05093075
0.00093939873046875,0.046478828125,0.01362265625,0.03665105625
-0.00251239453125,0.1244715,0.041411975,0.0420264375
-0.0180190109375,0.038791053125,0.021256390625,0.02508856875
-0.0208450484375,0.023242878125,0.029985953125,0.00961291171875
-0.0233321078125,0.0403371875,-0.001486122265625,0.0134492734375
-0.010482784375,0.0277232265625,-0.0231999046875,0.0286137796875
-0.051578265625,0.028104384375,0.0131036140625,0.010461803125
0.0024455482421875,0.03022839375,-0.00926237890625,0.021147921875
-0.058328784375,0.00123596171875,-0.00122991162109375,-0.02309768125
0.01285960859375,0.0180046453125,-0.01188942421875,0.00348257421875
0.0105941546875,0.007693913671875,0.015409078125,0.0565564375
-0.0417148875,0.04111991875,0.052202125,0.0289478203125
0.009613125,0.015219265625,-0.0032558580078125,0.06222878125
-0.037635725,0.0374128625,0.013401503125,-0.01050804140625
0.00618043359375,0.00664210078125,-7.343290405273438e-05,0.0061637140625
-0.00439810625,0.017458609375,-0.009141321875,0.0572473125
-0.005014418359375,0.0114610078125,-0.0310859234375,-0.004396735546875
-0.034740253125,0.0492868125,0.00430762578125,0.0103104671875
-0.01494180625,0.0439373,0.0155279578125,0.0139834234375
0.0228073484375,0.050437125,-0.0197246,0.035711125
-0.00874733515625,0.03042038125,-0.0271531234375,0.020966878125
-0.043455234375,0.02254304375,0.0127739875,0.0230240109375
-0.046268859375,0.02179984375,-0.005008875,-0.00143122607421875
0.006767209765625,0.038742765625,0.03784869375,0.03047560625
0.0290851328125,0.004564044921875,0.020487059375,0.023759596875
0.00464840078125,-0.0070105765625,-0.00131672568359375,0.0208650734375
-0.00133872705078125,0.0306585296875,0.01835393125,0.0218356171875
-0.025726728125,0.0238689109375,4.04119384765625e-05,0.039003271875
0.00528606484375,0.01552515546875,0.00436573984375,0.037339909375
0.00899672109375,-0.006036666796875,-0.01520859609375,0.0096206625
-0.0106849609375,0.0197582359375,0.0022468560546875,0.0130641421875
-0.0286602890625,0.0137113296875,0.07890054375,0.05002651875
0.00676095234375,-0.0221718453125,0.0250958390625,0.05323718125
0.003292916796875,0.004321215625,0.00967049140625,-0.0120524375
0.022074690625,0.019338240625,0.00522365703125,0.00760794921875
-0.005491134765625,0.0233958828125,0.009630153125,0.046505128125
-0.04219565625,-0.00718354921875,-0.0038935822265625,-0.01389584140625
-0.020130984375,0.00942229921875,0.0034424056640625,0.0574391875
0.01310705546875,0.01385551328125,-0.001451491796875,0.05784903125
0.0024315701171875,7.897612915039063e-05,-0.0137610390625,0.049079165625
0.01287166328125,0.0235101671875,-0.01284336640625,0.0351475
0.0177966296875,-0.01070868359375,-0.0189288171875,0.056637140625
0.0223238375,-0.007420060546875,0.00541567578125,-0.0036833275390625
-0.029122390625,0.02787795,0.0184055484375,0.0181727328125
0.03010295625,0.0382985875,0.00996896875,0.00146698935546875
0.01361166875,0.04906593125,0.018333246875,-0.00909930078125
-0.0145140234375,0.022842625,0.1156599375,0.045554615625
0.0201001109375,0.0416191625,0.000305056396484375,0.04081771875
-0.034571596875,0.018799084375,0.0214459765625,-0.01295273984375
0.0093705390625,0.017901234375,-0.0237700265625,0.00662182421875
0.00723016015625,0.029592146875,0.007478026171875,0.01453899765625
-0.019078128125,0.017789078125,-0.005473134765625,0.036796125
-0.0147003828125,0.0243422890625,0.013570421875,0.0211939703125
-0.0155782625,0.0103294203125,0.0287556546875,0.0103658984375
-0.0001890658935546875,0.02572845625,0.00997143515625,-0.001469671484375
-0.0125548484375,0.036878375,-0.00312727578125,-0.0031793705078125
0.00016552203369140625,0.0306763890625,0.003882406640625,0.03740475625
-0.01555918984375,0.01501258515625,0.000826269140625,0.01141142265625
-0.020921340625,0.0126631203125,0.01967071875,0.01300900703125
-0.023831328125,0.02604356875,0.04000578125,0.0299493859375
0.00442390234375,0.02283338125,0.01312297109375,0.024748553125
-0.006744501953125,0.046247278125,-0.04428121875,0.0117278984375
-0.03485958125,0.023802390625,-0.00186854541015625,0.0174579
-0.040046890625,0.0284443421875,0.01249736171875,0.0150957046875
-0.07304235625,0.0466850125,-0.01480108125,0.01473938828125
0.0031536208984375,0.022842875,0.0256051953125,0.053905228125
-0.0447689625,0.035068075,-0.0092838375,0.0216889296875
0.037950596875,0.0276057640625,0.00012004371337890626,0.01094790703125
-0.045378065625,0.04343305,-0.0088299484375,0.0544050625
-0.05342863125,-0.0087656921875,0.0281233390625,0.02356773125
0.01075338984375,0.025612971875,0.0102145234375,0.061767915625
-0.0028122654296875,0.0142812671875,-0.0245668125,0.007114288671875
-0.0285034109375,0.02354284375,0.0190584296875,0.0269743390625
-0.061480615625,0.04906694375,0.1087,0.026112784375
0.012687796875,0.01258188046875,-0.0028035921875,0.0106123984375
-0.00223171875,0.0303137203125,-0.00016355509033203126,0.023200634375
0.0026449548828125,0.0191863671875,-0.0380052125,0.017571021875
-0.0199272828125,0.0175813234375,-0.00923323203125,0.0059966421875
0.0259758765625,-0.01028513671875,-0.04701899375,0.013492728125
